Source Port,Destination Port,NAT Source Port,NAT Destination Port,Action,Bytes,Bytes Sent,Bytes Received,Packets,Elapsed Time (sec),pkts_sent,pkts_received
57222,53,54587,53,allow,177,94,83,2,30,1,1
56258,3389,56258,3389,allow,4768,1600,3168,19,17,10,9
6881,50321,43265,50321,allow,238,118,120,2,1199,1,1
50553,3389,50553,3389,allow,3327,1438,1889,15,17,8,7
50002,443,45848,443,allow,25358,6778,18580,31,16,13,18
51465,443,39975,443,allow,3961,1595,2366,21,16,12,9
60513,47094,45469,47094,allow,320,140,180,6,7,3,3
50049,443,21285,443,allow,7912,3269,4643,23,96,12,11
52244,58774,2211,58774,allow,70,70,0,1,5,1,0
50627,443,16215,443,allow,8256,1674,6582,31,75,15,16
43676,80,45378,80,allow,696,378,318,12,35,7,5
52190,443,16680,443,allow,7942,870,7072,22,15,10,12
50690,80,20479,80,allow,4805,3639,1166,16,31,9,7
55597,53,45448,53,allow,168,86,82,2,30,1,1
49164,443,45916,443,allow,7292,950,6342,19,75,9,10
36887,443,63451,443,allow,10922,2532,8390,27,28,13,14
1939,53,33288,53,allow,210,78,132,2,30,1,1
50281,53,33175,53,allow,195,102,93,2,30,1,1
57222,53,51448,53,allow,177,94,83,2,30,1,1
56710,53,57885,53,allow,177,94,83,2,30,1,1
48488,443,26104,443,allow,12993,3240,9753,36,24,18,18
50691,80,62082,80,allow,4237,3610,627,15,31,8,7
50693,80,54649,80,allow,4465,3390,1075,14,30,8,6
1940,53,23603,53,allow,210,78,132,2,30,1,1
50172,53,37056,53,allow,211,78,133,2,30,1,1
38802,53,38802,53,allow,216,90,126,2,30,1,1
50281,53,8038,53,allow,195,102,93,2,30,1,1
50051,443,1683,443,allow,7912,3269,4643,23,96,12,11
52192,443,41129,443,allow,13948,1150,12798,29,15,14,15
57886,443,10717,443,allow,33667,25477,8190,60,33,34,26
50289,80,7131,80,allow,7166,1086,6080,18,87,9,9
58615,443,30095,443,allow,6796,1541,5255,23,121,11,12
38551,53,14191,53,allow,168,78,90,2,30,1,1
64787,53,29856,53,allow,728,102,626,2,30,1,1
34529,443,30445,443,allow,62652,30891,31761,158,381,67,91
52184,443,13267,443,allow,13902,3253,10649,26,135,14,12
60377,443,34261,443,allow,8678,2974,5704,50,123,27,23
59347,80,59347,80,allow,108790,4633,104157,192,15,66,126
50077,443,40548,443,allow,7976,3333,4643,23,25,12,11
50149,80,2917,80,allow,11574,901,10673,20,46,11,9
50004,443,10108,443,allow,8745,2603,6142,19,15,11,8
60411,80,48309,80,allow,1589,941,648,11,121,6,5
60354,80,7611,80,allow,644,256,388,8,124,5,3
60399,80,36861,80,allow,1168,815,353,10,122,6,4
60348,80,15161,80,allow,10335,1617,8718,19,124,9,10
60420,80,1065,80,allow,14498,6454,8044,24,120,12,12
60423,443,61729,443,allow,6849,1103,5746,23,120,12,11
60360,443,62556,443,allow,5212,1101,4111,22,123,12,10
60363,443,28558,443,allow,5214,1101,4113,22,123,12,10
9523,443,27776,443,allow,7199,1410,5789,22,33,11,11
63842,45682,31353,45682,allow,4687209,3850148,837061,4974,107,3004,1970
60430,443,49199,443,allow,5696,1143,4553,23,119,12,11
59878,443,30562,443,allow,3864,2812,1052,17,112,8,9
53179,12502,28254,12502,allow,70,70,0,2,7,2,0
60414,80,46472,80,allow,5124,3499,1625,14,121,8,6
60400,80,41884,80,allow,1704,808,896,10,122,6,4
60407,443,49458,443,allow,8328,1611,6717,25,121,14,11
60398,80,57820,80,allow,378,192,186,7,122,4,3
60339,80,1887,80,allow,35136,7862,27274,53,124,26,27
38641,443,31615,443,allow,318,192,126,6,14,4,2
54996,53,2476,53,allow,168,86,82,2,31,1,1
48066,443,56844,443,allow,62,62,0,1,4,1,0
60811,40010,33835,40010,allow,316,136,180,6,5,3,3
52103,80,61932,80,allow,68083,5515,62568,90,38,40,50
52195,443,11275,443,allow,13948,1150,12798,29,15,14,15
50000,53,16568,53,allow,502,115,387,4,52,2,2
52193,443,50924,443,allow,13948,1150,12798,29,15,14,15
55234,53,5157,53,allow,177,94,83,2,29,1,1
50692,80,30484,80,allow,5727,3584,2143,15,31,8,7
60370,80,40899,80,allow,1243,769,474,9,123,6,3
65401,53,57745,53,allow,235,102,133,2,29,1,1
51737,53,3505,53,allow,231,78,153,2,30,1,1
50685,80,6959,80,allow,63891,26626,37265,86,34,39,47
52191,443,46265,443,allow,7882,810,7072,21,15,9,12
54557,80,41721,80,allow,2091,799,1292,10,15,6,4
48818,443,11974,443,allow,4167,1669,2498,23,15,12,11
64223,53,57211,53,allow,199,94,105,2,30,1,1
49245,53,34102,53,allow,376,126,250,2,29,1,1
65258,443,17337,443,allow,6043,1568,4475,11,120,4,7
64399,53,50659,53,allow,230,110,120,2,29,1,1
55234,53,22160,53,allow,177,94,83,2,30,1,1
64593,53,56394,53,allow,94,94,0,1,30,1,0
56911,53,36658,53,allow,177,94,83,2,31,1,1
53977,22266,9645,22266,allow,492,306,186,8,17,5,3
50148,80,57004,80,allow,9058,868,8190,18,46,10,8
53178,42671,48767,42671,allow,70,70,0,2,8,2,0
52181,443,64436,443,allow,7855,815,7040,21,15,9,12
65004,53,23515,53,allow,323,94,229,2,30,1,1
46265,443,19534,443,allow,173828,9311,164517,245,448,118,127
49158,443,27828,443,allow,14490,4227,10263,35,36,19,16
33067,53,47200,53,allow,168,78,90,2,30,1,1
56911,53,39355,53,allow,177,94,83,2,30,1,1
22767,53,22767,53,allow,226,106,120,2,30,1,1
52715,443,38027,443,allow,164840,5975,158865,179,122,61,118
33845,80,39303,80,allow,424,210,214,7,27,4,3
61442,443,19223,443,allow,3403,1891,1512,24,42,13,11
9446,443,50836,443,allow,8672,1863,6809,22,46,11,11
52194,443,38386,443,allow,12374,1090,11284,27,15,13,14
58306,443,59387,443,allow,864,436,428,13,29,7,6
42412,443,55628,443,allow,204,70,134,4,26,2,2
56710,53,52813,53,allow,177,94,83,2,30,1,1
61396,443,45721,443,allow,550484,8433,542051,541,246,99,442
61273,443,55960,443,allow,19675,8597,11078,137,480,68,69
50016,53,14072,53,allow,766,103,663,4,41,2,2
58307,443,36806,443,allow,934,506,428,14,29,8,6
55182,53,36739,53,allow,293,94,199,2,30,1,1
56911,53,31733,53,allow,177,94,83,2,30,1,1
41631,443,38429,443,allow,20180,2917,17263,35,124,14,21
38637,443,8499,443,allow,12339,2392,9947,36,287,15,21
45317,53,22055,53,allow,86,86,0,1,30,1,0
56704,53,2427,53,allow,318,94,224,2,30,1,1
49410,53,62890,53,allow,177,94,83,2,30,1,1
56504,53,45710,53,allow,102,102,0,1,30,1,0
50003,443,32664,443,allow,13812,3042,10770,29,16,15,14
40737,443,35009,443,allow,44004,3909,40095,80,135,38,42
38082,443,14308,443,allow,284,164,120,4,15,2,2
36036,443,36036,443,allow,261234,32183,229051,326,212,153,173
55476,53,58894,53,allow,232,110,122,2,30,1,1
49395,53,40831,53,allow,390,111,279,4,53,2,2
56172,53,35826,53,allow,253,87,166,4,30,2,2
56624,53,36589,53,allow,177,94,83,2,31,1,1
57470,20220,32069,20220,allow,870,330,540,12,2308,6,6
33856,443,15413,443,allow,8171028,105740,8065288,6637,149,745,5892
59983,443,26904,443,allow,296863,14073,282790,351,127,130,221
15503,63425,41497,63425,allow,481,150,331,2,1200,1,1
53987,16571,20059,16571,allow,70,70,0,1,5,1,0
53986,54070,39036,54070,allow,70,70,0,1,5,1,0
64094,1024,62040,1024,allow,70,70,0,1,5,1,0
64095,1976,59706,1976,allow,70,70,0,1,5,1,0
52126,443,21159,443,allow,1672,1149,523,13,37,8,5
52144,80,16896,80,allow,366,240,126,7,33,5,2
50816,443,50681,443,allow,134,60,74,3,6,2,1
50057,80,26007,80,allow,1570,754,816,10,16,6,4
52146,80,44068,80,allow,366,240,126,7,33,5,2
54139,53,64934,53,allow,168,78,90,2,31,1,1
49410,53,29049,53,allow,177,94,83,2,31,1,1
53994,16605,15809,16605,allow,70,70,0,2,8,2,0
35242,8635,35242,8635,allow,138,78,60,2,6,1,1
52148,80,27900,80,allow,366,240,126,7,33,5,2
49900,443,28761,443,allow,1820,1101,719,18,73,10,8
43931,53,36161,53,allow,168,78,90,2,31,1,1
51048,445,0,0,drop,70,70,0,1,0,1,0
51045,445,0,0,drop,70,70,0,1,0,1,0
13394,23,0,0,deny,60,60,0,1,0,1,0
61078,57470,0,0,deny,62,62,0,1,0,1,0
55725,445,0,0,drop,70,70,0,1,0,1,0
55723,445,0,0,drop,70,70,0,1,0,1,0
55724,445,0,0,drop,70,70,0,1,0,1,0
51125,445,0,0,drop,66,66,0,1,0,1,0
51123,445,0,0,drop,66,66,0,1,0,1,0
51122,445,0,0,drop,66,66,0,1,0,1,0
51121,445,0,0,drop,66,66,0,1,0,1,0
51126,445,0,0,drop,66,66,0,1,0,1,0
51124,445,0,0,drop,66,66,0,1,0,1,0
51120,445,0,0,drop,66,66,0,1,0,1,0
51119,445,0,0,drop,66,66,0,1,0,1,0
62776,62413,0,0,deny,146,146,0,1,0,1,0
51041,445,0,0,drop,70,70,0,1,0,1,0
46448,30170,0,0,deny,159,159,0,1,0,1,0
10688,25174,0,0,deny,146,146,0,1,0,1,0
34086,25174,0,0,deny,62,62,0,1,0,1,0
64605,25174,0,0,deny,62,62,0,1,0,1,0
51039,445,0,0,drop,70,70,0,1,0,1,0
56688,25174,0,0,deny,62,62,0,1,0,1,0
57015,42707,0,0,deny,62,62,0,1,0,1,0
41213,25174,0,0,deny,62,62,0,1,0,1,0
57131,8055,0,0,deny,145,145,0,1,0,1,0
45855,25174,0,0,deny,62,62,0,1,0,1,0
54483,25174,0,0,deny,66,66,0,1,0,1,0
45855,25174,0,0,deny,146,146,0,1,0,1,0
49990,62413,0,0,deny,66,66,0,1,0,1,0
1582,56205,0,0,deny,62,62,0,1,0,1,0
65003,57470,0,0,deny,78,78,0,1,0,1,0
55718,445,0,0,drop,70,70,0,1,0,1,0
55717,445,0,0,drop,70,70,0,1,0,1,0
55713,445,0,0,drop,70,70,0,1,0,1,0
55708,445,0,0,drop,70,70,0,1,0,1,0
63486,51505,0,0,deny,66,66,0,1,0,1,0
54100,37965,0,0,deny,62,62,0,1,0,1,0
51034,445,0,0,drop,70,70,0,1,0,1,0
51107,445,0,0,drop,66,66,0,1,0,1,0
51105,445,0,0,drop,66,66,0,1,0,1,0
51104,445,0,0,drop,66,66,0,1,0,1,0
1815,22114,0,0,deny,66,66,0,1,0,1,0
443,47582,0,0,deny,60,60,0,1,0,1,0
443,47582,0,0,deny,85,85,0,1,0,1,0
443,47582,0,0,deny,100,100,0,1,0,1,0
59126,57470,0,0,deny,66,66,0,1,0,1,0
27621,50584,0,0,deny,62,62,0,1,0,1,0
52266,50038,0,0,deny,66,66,0,1,0,1,0
56456,1433,0,0,deny,60,60,0,1,0,1,0
43537,2323,0,0,deny,60,60,0,1,0,1,0
40772,15503,0,0,deny,74,74,0,1,0,1,0
50594,25174,0,0,deny,66,66,0,1,0,1,0
4323,64147,0,0,deny,62,62,0,1,0,1,0
55703,445,0,0,drop,70,70,0,1,0,1,0
55701,445,0,0,drop,70,70,0,1,0,1,0
55696,445,0,0,drop,70,70,0,1,0,1,0
55698,445,0,0,drop,70,70,0,1,0,1,0
34349,25174,0,0,deny,146,146,0,1,0,1,0
39587,22114,0,0,deny,62,62,0,1,0,1,0
42542,25174,0,0,deny,62,62,0,1,0,1,0
49529,21247,0,0,deny,62,62,0,1,0,1,0
64579,37965,0,0,deny,66,66,0,1,0,1,0
51021,445,0,0,drop,70,70,0,1,0,1,0
53771,57470,0,0,deny,66,66,0,1,0,1,0
15701,37965,0,0,deny,146,146,0,1,0,1,0
4529,56205,0,0,deny,62,62,0,1,0,1,0
45060,37965,0,0,deny,62,62,0,1,0,1,0
32554,34729,0,0,deny,62,62,0,1,0,1,0
51018,445,0,0,drop,70,70,0,1,0,1,0
47913,25174,0,0,deny,146,146,0,1,0,1,0
55686,445,0,0,drop,70,70,0,1,0,1,0
55683,445,0,0,drop,70,70,0,1,0,1,0
55679,445,0,0,drop,70,70,0,1,0,1,0
2206,25174,0,0,deny,62,62,0,1,0,1,0
64808,62413,0,0,deny,62,62,0,1,0,1,0
17244,22114,0,0,deny,62,62,0,1,0,1,0
51095,445,0,0,drop,66,66,0,1,0,1,0
51014,445,0,0,drop,70,70,0,1,0,1,0
58925,25174,0,0,deny,66,66,0,1,0,1,0
32549,37807,0,0,deny,146,146,0,1,0,1,0
51012,445,0,0,drop,70,70,0,1,0,1,0
52838,37965,0,0,deny,66,66,0,1,0,1,0
34217,23,0,0,deny,60,60,0,1,0,1,0
52459,33890,0,0,deny,60,60,0,1,0,1,0
51010,445,0,0,drop,70,70,0,1,0,1,0
55678,445,0,0,drop,70,70,0,1,0,1,0
6666,3389,0,0,deny,60,60,0,1,0,1,0
1024,21854,0,0,reset-both,157,157,0,1,0,1,0
55677,445,0,0,drop,70,70,0,1,0,1,0
25533,22114,0,0,deny,62,62,0,1,0,1,0
47132,1433,0,0,deny,60,60,0,1,0,1,0
56119,37965,0,0,deny,62,62,0,1,0,1,0
51080,445,0,0,drop,66,66,0,1,0,1,0
51076,445,0,0,drop,66,66,0,1,0,1,0
51003,445,0,0,drop,70,70,0,1,0,1,0
54502,34729,0,0,deny,66,66,0,1,0,1,0
53626,30317,0,0,deny,66,66,0,1,0,1,0
53712,25174,0,0,deny,66,66,0,1,0,1,0
51001,445,0,0,drop,70,70,0,1,0,1,0
33726,44847,0,0,deny,62,62,0,1,0,1,0
22568,37965,0,0,deny,66,66,0,1,0,1,0
443,49988,0,0,deny,82,82,0,1,0,1,0
55667,445,0,0,drop,70,70,0,1,0,1,0
55665,445,0,0,drop,70,70,0,1,0,1,0
55660,445,0,0,drop,70,70,0,1,0,1,0
55658,445,0,0,drop,70,70,0,1,0,1,0
53985,30188,0,0,deny,62,62,0,1,0,1,0
57613,42707,0,0,deny,62,62,0,1,0,1,0
6666,6001,0,0,deny,60,60,0,1,0,1,0
45941,23386,0,0,deny,60,60,0,1,0,1,0
51000,445,0,0,drop,70,70,0,1,0,1,0
51071,445,0,0,drop,66,66,0,1,0,1,0
50999,445,0,0,drop,70,70,0,1,0,1,0
50998,445,0,0,drop,70,70,0,1,0,1,0
55759,5900,0,0,deny,60,60,0,1,0,1,0
50995,445,0,0,drop,70,70,0,1,0,1,0
50992,445,0,0,drop,70,70,0,1,0,1,0
51067,445,0,0,drop,66,66,0,1,0,1,0
51066,445,0,0,drop,66,66,0,1,0,1,0
51065,445,0,0,drop,66,66,0,1,0,1,0
51062,445,0,0,drop,66,66,0,1,0,1,0
51057,445,0,0,drop,66,66,0,1,0,1,0
51063,445,0,0,drop,66,66,0,1,0,1,0
51059,445,0,0,drop,66,66,0,1,0,1,0
55651,445,0,0,drop,70,70,0,1,0,1,0
21268,62609,0,0,deny,146,146,0,1,0,1,0
21268,62609,0,0,deny,146,146,0,1,0,1,0
55648,445,0,0,drop,70,70,0,1,0,1,0
55646,445,0,0,drop,70,70,0,1,0,1,0
55644,445,0,0,drop,70,70,0,1,0,1,0
50980,445,0,0,drop,70,70,0,1,0,1,0
50979,445,0,0,drop,70,70,0,1,0,1,0
23758,44847,0,0,deny,62,62,0,1,0,1,0
50975,445,0,0,drop,70,70,0,1,0,1,0
53324,44847,0,0,deny,66,66,0,1,0,1,0
50970,445,0,0,drop,70,70,0,1,0,1,0
50969,445,0,0,drop,70,70,0,1,0,1,0
53243,57470,0,0,deny,74,74,0,1,0,1,0
64776,25174,0,0,deny,66,66,0,1,0,1,0
50547,22197,0,0,deny,66,66,0,1,0,1,0
64298,50584,0,0,deny,66,66,0,1,0,1,0
30456,36237,0,0,deny,62,62,0,1,0,1,0
56816,443,16188,443,allow,7956,1967,5989,20,15,11,9
52011,80,26180,80,allow,23580,10536,13044,36,39,18,18
50198,3389,50198,3389,allow,3343,1454,1889,15,16,8,7
56624,53,45708,53,allow,170,87,83,2,30,1,1
56813,443,32005,443,allow,8021,2001,6020,20,16,11,9
52007,443,2667,443,allow,10217,8266,1951,33,39,20,13
64092,14447,29856,14447,allow,66,66,0,1,5,1,0
64270,443,64270,443,allow,4747,1840,2907,19,27,11,8
51163,443,48007,443,allow,9466,2602,6864,41,185,20,21
52469,443,22069,443,allow,29896,14149,15747,61,209,35,26
46898,53,46898,53,allow,194,87,107,2,30,1,1
53198,443,53198,443,allow,4591,1684,2907,19,28,11,8
5886,80,5886,80,allow,138678,5557,133121,152,16,58,94
56815,443,53722,443,allow,7903,1914,5989,20,15,11,9
52270,3708,62556,3708,allow,316,136,180,6,6,3,3
52264,43015,38341,43015,allow,70,70,0,2,7,2,0
62685,443,28394,443,allow,7023,2352,4671,18,75,10,8
49333,443,8337,443,allow,50226,4284,45942,76,75,31,45
62892,443,62892,443,allow,4377,1470,2907,19,30,11,8
50487,3389,50487,3389,allow,6312,2620,3692,25,24,12,13
39430,443,21846,443,allow,506,292,214,8,50,5,3
45232,80,45232,80,allow,2895,1484,1411,10,15,6,4
51164,443,28609,443,allow,5040,2743,2297,34,185,18,16
64099,55470,50878,55470,allow,66,66,0,1,5,1,0
52240,52893,2825,52893,allow,66,66,0,1,5,1,0
48550,443,45303,443,allow,778,358,420,12,43,6,6
47845,53,47845,53,allow,243,94,149,2,32,1,1
52263,16350,50284,16350,allow,70,70,0,2,8,2,0
53177,8595,28264,8595,allow,70,70,0,2,9,2,0
53984,57077,2292,57077,allow,70,70,0,1,5,1,0
56674,443,44964,443,allow,237,177,60,3,5,2,1
34440,53,34440,53,allow,235,90,145,2,32,1,1
44389,443,27883,443,allow,3067,1817,1250,18,16,8,10
52265,32078,35097,32078,allow,70,70,0,2,7,2,0
54996,53,39612,53,allow,168,86,82,2,35,1,1
35609,443,35165,443,allow,237,177,60,3,5,2,1
55727,43736,19578,43736,allow,70,70,0,1,5,1,0
56911,53,21649,53,allow,170,87,83,2,30,1,1
50193,3389,50193,3389,allow,3409,1454,1955,16,16,8,8
49935,53,10954,53,allow,75,75,0,1,30,1,0
52852,53,0,0,allow,82,82,0,1,30,1,0
59226,53,59226,53,allow,194,87,107,2,30,1,1
60286,443,29238,443,allow,7576,1897,5679,23,136,13,10
27313,53,27313,53,allow,194,87,107,2,31,1,1
55674,53,14625,53,allow,744,89,655,2,31,1,1
40814,53,40814,53,allow,213,87,126,2,31,1,1
53067,4040,59736,4040,allow,115,115,0,1,31,1,0
56730,53,30044,53,allow,170,87,83,2,31,1,1
46713,53,46713,53,allow,217,87,130,2,31,1,1
32806,53,32806,53,allow,194,87,107,2,31,1,1
56434,53,6758,53,allow,701,88,613,2,31,1,1
51221,64767,41578,64767,allow,330,330,0,6,1200,6,0
19502,53,19502,53,allow,198,89,109,2,31,1,1
53151,53,29237,53,allow,168,78,90,2,31,1,1
56086,443,31892,443,allow,6817,3598,3219,32,143,15,17
27839,53,27839,53,allow,213,87,126,2,31,1,1
22835,51221,0,0,deny,62,62,0,1,0,1,0
65305,51221,0,0,deny,66,66,0,1,0,1,0
23001,64147,0,0,deny,62,62,0,1,0,1,0
52128,37807,0,0,deny,62,62,0,1,0,1,0
23632,64147,0,0,deny,66,66,0,1,0,1,0
48706,23393,0,0,deny,60,60,0,1,0,1,0
64288,53,54415,53,allow,398,103,295,4,41,2,2
52041,80,18599,80,allow,2901,1407,1494,15,38,9,6
64087,80,46757,80,allow,314,192,122,6,15,4,2
56052,53,22562,53,allow,177,94,83,2,30,1,1
52150,80,40663,80,allow,546,300,246,10,32,6,4
48706,23393,0,0,deny,60,60,0,1,0,1,0
55641,445,0,0,drop,70,70,0,1,0,1,0
55642,445,0,0,drop,70,70,0,1,0,1,0
55640,445,0,0,drop,70,70,0,1,0,1,0
51050,445,0,0,drop,66,66,0,1,0,1,0
35207,22114,0,0,deny,62,62,0,1,0,1,0
55635,445,0,0,drop,70,70,0,1,0,1,0
50957,445,0,0,drop,70,70,0,1,0,1,0
51432,25174,0,0,deny,146,146,0,1,0,1,0
51047,445,0,0,drop,66,66,0,1,0,1,0
51046,445,0,0,drop,66,66,0,1,0,1,0
51045,445,0,0,drop,66,66,0,1,0,1,0
17925,26467,0,0,deny,66,66,0,1,0,1,0
34993,15503,0,0,deny,62,62,0,1,0,1,0
8040,44847,0,0,deny,66,66,0,1,0,1,0
39588,25174,0,0,deny,66,66,0,1,0,1,0
51042,445,0,0,drop,66,66,0,1,0,1,0
2978,48817,0,0,deny,66,66,0,1,0,1,0
1536,48817,0,0,deny,62,62,0,1,0,1,0
43269,50584,0,0,deny,66,66,0,1,0,1,0
33453,64147,0,0,deny,62,62,0,1,0,1,0
51414,22,0,0,deny,60,60,0,1,0,1,0
34810,25174,0,0,deny,62,62,0,1,0,1,0
50951,445,0,0,drop,70,70,0,1,0,1,0
5685,35440,0,0,deny,62,62,0,1,0,1,0
55633,445,0,0,drop,70,70,0,1,0,1,0
51598,56079,0,0,deny,66,66,0,1,0,1,0
40239,22114,0,0,deny,146,146,0,1,0,1,0
443,18368,0,0,deny,60,60,0,1,0,1,0
55622,445,0,0,drop,70,70,0,1,0,1,0
52145,80,50375,80,allow,366,240,126,7,32,5,2
50039,7000,50039,7000,allow,3050,1659,1391,16,15,9,7
56717,80,40230,80,allow,3894448,104279,3790169,4041,97,1411,2630
52162,443,20113,443,allow,1461,924,537,13,31,7,6
52272,37105,49502,37105,allow,316,136,180,6,6,3,3
56504,53,24881,53,allow,198,102,96,2,32,1,1
64098,10096,50669,10096,allow,70,70,0,1,4,1,0
52241,51717,19106,51717,allow,70,70,0,1,4,1,0
52143,80,6472,80,allow,366,240,126,7,32,5,2
50050,443,8381,443,allow,7912,3269,4643,23,95,12,11
52164,443,54936,443,allow,4187,773,3414,16,30,9,7
52115,443,22081,443,allow,11551,3870,7681,29,37,16,13
52147,80,1117,80,allow,366,240,126,7,32,5,2
52157,80,19874,80,allow,366,240,126,7,32,5,2
55526,80,37218,80,allow,78,78,0,2,8,2,0
52151,80,38473,80,allow,546,300,246,10,32,6,4
49359,443,64650,443,allow,63494,7222,56272,107,81,49,58
60512,6881,33887,6881,allow,320,140,180,6,6,3,3
53982,24226,55007,24226,allow,70,70,0,1,4,1,0
53985,26515,42482,26515,allow,70,70,0,1,4,1,0
16965,3389,16965,3389,allow,4085,1916,2169,21,18,12,9
52000,80,35679,80,allow,3604,2064,1540,15,40,10,5
38717,443,31292,443,allow,958865,18695,940170,908,16,266,642
56624,53,34436,53,allow,177,94,83,2,30,1,1
49795,53,44891,53,allow,263,94,169,2,30,1,1
50057,53,37422,53,allow,177,94,83,2,30,1,1
55306,53,39881,53,allow,177,94,83,2,30,1,1
52159,80,23650,80,allow,502,310,192,9,31,6,3
52153,80,26645,80,allow,366,240,126,7,32,5,2
55725,14704,64431,14704,allow,70,70,0,1,5,1,0
50711,80,19117,80,allow,1658,1247,411,8,15,5,3
58304,443,13109,443,allow,13442,1200,12242,26,29,11,15
58305,443,38970,443,allow,11659,1027,10632,25,29,11,14
60291,53,5136,53,allow,78,78,0,1,30,1,0
56555,53,42493,53,allow,348,94,254,2,30,1,1
49436,53,61599,53,allow,718,94,624,2,30,1,1
64226,53,54672,53,allow,245,94,151,2,30,1,1
55379,443,27244,443,allow,13679,7277,6402,35,262,15,20
33825,443,41237,443,allow,9407,2233,7174,38,96,16,22
19763,53,19763,53,allow,216,82,134,2,32,1,1
56741,53,5499,53,allow,370,94,276,2,30,1,1
51041,80,59300,80,allow,1514,480,1034,11,15,6,5
56663,53,41717,53,allow,181,94,87,2,33,1,1
56440,53,62063,53,allow,212,102,110,2,30,1,1
49961,443,64983,443,allow,16890,7125,9765,33,98,19,14
52236,15313,26526,15313,allow,70,70,0,1,5,1,0
56052,53,19569,53,allow,177,94,83,2,30,1,1
53971,80,16324,80,allow,662,448,214,10,15,7,3
64196,53,65372,53,allow,262,94,168,2,30,1,1
38330,123,58815,123,allow,184,94,90,2,30,1,1
49935,53,45170,53,allow,168,86,82,2,30,1,1
55639,53,27613,53,allow,244,94,150,2,30,1,1
53470,53,29709,53,allow,168,78,90,2,30,1,1
51986,80,28001,80,allow,1420,888,532,11,49,7,4
40831,80,63406,80,allow,1614,1300,314,10,15,5,5
36138,443,58693,443,allow,50384,5218,45166,76,99,26,50
33151,53,41502,53,allow,168,78,90,2,30,1,1
50563,53,11644,53,allow,718,94,624,2,30,1,1
50480,443,25461,443,allow,57535,3735,53800,70,122,26,44
57138,443,59763,443,allow,70379,4205,66174,101,403,51,50
52152,80,10469,80,allow,366,240,126,7,32,5,2
55724,45682,6518,45682,allow,70,70,0,1,5,1,0
51999,80,34655,80,allow,20433,10970,9463,34,42,19,15
51934,443,39970,443,allow,9735,2891,6844,36,82,17,19
56521,53,35277,53,allow,305,86,219,2,30,1,1
50056,27018,7128,27018,allow,468,390,78,5,30,4,1
65078,53,19268,53,allow,177,94,83,2,30,1,1
55999,443,53262,443,allow,45632,2078,43554,58,120,22,36
43088,5228,50878,5228,allow,4708,1753,2955,27,4133,12,15
37647,443,55661,443,allow,697381,19797,677584,725,106,247,478
58424,443,8670,443,allow,81295,4140,77155,114,117,42,72
52142,80,50942,80,allow,246,120,126,5,32,3,2
52155,80,52769,80,allow,366,240,126,7,32,5,2
65524,443,51488,443,allow,282968,9210,273758,296,15,106,190
52163,443,4704,443,allow,4187,773,3414,16,30,9,7
52161,443,17095,443,allow,1461,924,537,13,31,7,6
53995,41985,42236,41985,allow,70,70,0,2,7,2,0
51221,51413,17316,51413,allow,460,150,310,2,1200,1,1
65525,443,9387,443,allow,92247,4799,87448,107,15,43,64
52080,80,40918,80,allow,27100,21684,5416,39,38,25,14
52158,80,31502,80,allow,502,310,192,9,31,6,3
10151,11888,57602,11888,allow,491,150,341,2,1200,1,1
52154,80,54882,80,allow,366,240,126,7,32,5,2
49899,443,6307,443,allow,1820,1101,719,18,72,10,8
53983,40500,9041,40500,allow,70,70,0,1,4,1,0
49668,443,64842,443,allow,1288,754,534,13,50,5,8
64093,64828,53558,64828,allow,70,70,0,1,4,1,0
52237,16801,7817,16801,allow,70,70,0,1,5,1,0
57242,53,53275,53,allow,184,86,98,2,29,1,1
60833,443,43148,443,allow,1157,817,340,10,26,5,5
32971,443,57614,443,allow,300,180,120,4,15,2,2
52027,80,10157,80,allow,9732,8170,1562,18,38,10,8
56172,53,12622,53,allow,253,87,166,4,29,2,2
56663,53,55920,53,allow,181,94,87,2,30,1,1
56773,80,16432,80,allow,1462,703,759,8,16,5,3
44421,443,9990,443,allow,2548,1565,983,20,330,11,9
55806,53,2252,53,allow,200,102,98,2,30,1,1
17129,53,49932,53,allow,225,78,147,2,31,1,1
51404,443,29692,443,allow,9076,2650,6426,35,247,15,20
36503,443,18047,443,allow,3549,899,2650,13,120,6,7
53660,443,62189,443,allow,2955,864,2091,11,119,5,6
54401,443,33851,443,allow,11527127,373718,11153409,12286,144,4090,8196
52018,80,60048,80,allow,4988,2667,2321,15,38,10,5
55726,32463,19971,32463,allow,70,70,0,1,5,1,0
50054,443,33481,443,allow,7630,839,6791,20,79,9,11
56624,53,60055,53,allow,328,87,241,4,52,2,2
56667,53,36173,53,allow,232,94,138,2,30,1,1
56684,53,5087,53,allow,194,94,100,2,30,1,1
65001,53,27011,53,allow,200,78,122,2,30,1,1
56751,53,35800,53,allow,177,94,83,2,30,1,1
52127,80,9783,80,allow,2412,1750,662,13,36,9,4
12939,53,12939,53,allow,216,82,134,2,32,1,1
52486,443,26318,443,allow,57366,41661,15705,111,440,66,45
52238,48996,43886,48996,allow,70,70,0,1,5,1,0
55848,53,3289,53,allow,387,134,253,2,30,1,1
65484,53,10578,53,allow,195,86,109,2,30,1,1
49695,53,29724,53,allow,240,102,138,2,30,1,1
64877,53,41929,53,allow,209,110,99,2,30,1,1
43516,53,56876,53,allow,168,78,90,2,30,1,1
52865,443,19165,443,allow,13139,6481,6658,36,262,16,20
50684,443,36548,443,allow,6909,2495,4414,20,15,11,9
52013,80,47338,80,allow,27271,12050,15221,45,38,24,21
51946,80,42668,80,allow,1716,952,764,13,69,8,5
52160,80,10438,80,allow,502,310,192,9,31,6,3
52267,55982,31620,55982,allow,70,70,0,2,6,2,0
24965,53,24965,53,allow,247,98,149,2,32,1,1
52266,31225,1238,31225,allow,70,70,0,1,5,1,0
51930,443,10848,443,allow,9114,2713,6401,33,82,15,18
38999,443,34634,443,allow,12742,1983,10759,47,123,14,33
57986,80,48652,80,allow,1056,682,374,10,15,6,4
49410,53,59985,53,allow,324,87,237,4,55,2,2
54877,53,59244,53,allow,199,94,105,2,30,1,1
49432,53,21540,53,allow,199,94,105,2,30,1,1
49743,53,1715,53,allow,210,94,116,2,30,1,1
49913,53,15271,53,allow,177,94,83,2,30,1,1
39311,443,39728,443,allow,12825,8114,4711,63,269,25,38
42046,443,15950,443,allow,10195,2175,8020,25,187,14,11
44323,5228,8392,5228,allow,7292,4509,2783,50,6392,25,25
55072,53,55776,53,allow,177,94,83,2,30,1,1
49980,53,9358,53,allow,168,94,74,2,31,1,1
55306,53,44864,53,allow,177,94,83,2,31,1,1
47739,5228,19332,5228,allow,2852,2143,709,16,121,8,8
6881,6881,13981,6881,allow,150,150,0,1,1200,1,0
65078,53,50659,53,allow,177,94,83,2,30,1,1
49980,53,26131,53,allow,152,78,74,2,30,1,1
55065,53,9474,53,allow,168,78,90,2,30,1,1
45151,53,40658,53,allow,168,78,90,2,30,1,1
55072,53,50967,53,allow,177,94,83,2,31,1,1
57470,13613,53702,13613,allow,1577,594,983,20,1638,10,10
53637,443,7341,443,allow,8473,1099,7374,20,119,9,11
50064,80,16215,80,allow,186,64,122,4,25,2,2
50065,80,29478,80,allow,4709,4006,703,11,25,6,5
58964,80,7375,80,allow,5541,4758,783,16,16,8,8
57262,53,45135,53,allow,94,94,0,1,30,1,0
53638,443,29587,443,allow,2090,1100,990,17,119,9,8
28007,443,40494,443,allow,31586,15587,15999,213,884,105,108
49964,53,64934,53,allow,749,94,655,2,30,1,1
49854,443,20438,443,allow,5578,2780,2798,14,120,7,7
64112,24707,56635,24707,allow,66,66,0,2,8,2,0
53895,443,16317,443,allow,375374,160846,214528,633,1412,294,339
56751,53,10691,53,allow,177,94,83,2,30,1,1
55563,53,42353,53,allow,177,94,83,2,30,1,1
55619,445,0,0,drop,70,70,0,1,0,1,0
3456,11392,0,0,deny,62,62,0,1,0,1,0
50942,445,0,0,drop,70,70,0,1,0,1,0
50939,445,0,0,drop,70,70,0,1,0,1,0
50941,445,0,0,drop,70,70,0,1,0,1,0
443,34920,0,0,deny,60,60,0,1,0,1,0
15774,56205,0,0,deny,66,66,0,1,0,1,0
50937,445,0,0,drop,70,70,0,1,0,1,0
443,14591,0,0,deny,131,131,0,1,0,1,0
63421,44847,0,0,deny,66,66,0,1,0,1,0
62949,37965,0,0,deny,62,62,0,1,0,1,0
55517,25174,0,0,deny,66,66,0,1,0,1,0
50935,445,0,0,drop,70,70,0,1,0,1,0
63346,37965,0,0,deny,66,66,0,1,0,1,0
42564,50584,0,0,deny,62,62,0,1,0,1,0
51032,445,0,0,drop,66,66,0,1,0,1,0
45652,10214,0,0,deny,62,62,0,1,0,1,0
33314,44847,0,0,deny,62,62,0,1,0,1,0
52470,14037,0,0,deny,66,66,0,1,0,1,0
1024,35894,0,0,deny,62,62,0,1,0,1,0
43704,37965,0,0,deny,66,66,0,1,0,1,0
48830,5900,0,0,deny,60,60,0,1,0,1,0
51024,445,0,0,drop,66,66,0,1,0,1,0
55608,445,0,0,drop,70,70,0,1,0,1,0
56039,50584,0,0,deny,62,62,0,1,0,1,0
50928,445,0,0,drop,70,70,0,1,0,1,0
59977,30188,0,0,deny,66,66,0,1,0,1,0
26884,57866,0,0,deny,74,74,0,1,0,1,0
61624,30317,0,0,deny,66,66,0,1,0,1,0
51021,445,0,0,drop,66,66,0,1,0,1,0
60141,30188,0,0,deny,66,66,0,1,0,1,0
52812,25174,0,0,deny,62,62,0,1,0,1,0
11643,81,0,0,deny,60,60,0,1,0,1,0
52769,51221,0,0,deny,62,62,0,1,0,1,0
50920,445,0,0,drop,70,70,0,1,0,1,0
11056,6881,0,0,deny,62,62,0,1,0,1,0
50917,445,0,0,drop,70,70,0,1,0,1,0
51014,445,0,0,drop,66,66,0,1,0,1,0
6666,62078,0,0,deny,60,60,0,1,0,1,0
39213,25174,0,0,deny,62,62,0,1,0,1,0
47063,15503,0,0,deny,146,146,0,1,0,1,0
56428,30317,0,0,deny,66,66,0,1,0,1,0
51007,445,0,0,drop,66,66,0,1,0,1,0
24534,50584,0,0,deny,62,62,0,1,0,1,0
50913,445,0,0,drop,70,70,0,1,0,1,0
50912,445,0,0,drop,70,70,0,1,0,1,0
42981,44847,0,0,deny,146,146,0,1,0,1,0
7151,37965,0,0,deny,66,66,0,1,0,1,0
60722,37965,0,0,deny,62,62,0,1,0,1,0
56940,5900,0,0,deny,60,60,0,1,0,1,0
65003,57470,0,0,deny,78,78,0,1,0,1,0
56366,51221,0,0,deny,66,66,0,1,0,1,0
3945,35440,0,0,deny,66,66,0,1,0,1,0
55597,445,0,0,drop,70,70,0,1,0,1,0
55595,445,0,0,drop,70,70,0,1,0,1,0
55596,445,0,0,drop,70,70,0,1,0,1,0
50996,445,0,0,drop,66,66,0,1,0,1,0
50997,445,0,0,drop,66,66,0,1,0,1,0
50998,445,0,0,drop,66,66,0,1,0,1,0
50991,445,0,0,drop,66,66,0,1,0,1,0
50995,445,0,0,drop,66,66,0,1,0,1,0
50994,445,0,0,drop,66,66,0,1,0,1,0
50993,445,0,0,drop,66,66,0,1,0,1,0
50990,445,0,0,drop,66,66,0,1,0,1,0
50908,445,0,0,drop,70,70,0,1,0,1,0
36357,25174,0,0,deny,62,62,0,1,0,1,0
64333,57470,0,0,deny,78,78,0,1,0,1,0
35319,51505,0,0,deny,62,62,0,1,0,1,0
56876,11392,0,0,deny,66,66,0,1,0,1,0
50907,445,0,0,drop,70,70,0,1,0,1,0
47141,50584,0,0,deny,62,62,0,1,0,1,0
52340,22114,0,0,deny,62,62,0,1,0,1,0
6889,5529,0,0,deny,143,143,0,1,0,1,0
5151,50584,0,0,deny,62,62,0,1,0,1,0
40988,60043,0,0,deny,146,146,0,1,0,1,0
50902,445,0,0,drop,70,70,0,1,0,1,0
55593,445,0,0,drop,70,70,0,1,0,1,0
55592,445,0,0,drop,70,70,0,1,0,1,0
55582,445,0,0,drop,70,70,0,1,0,1,0
55580,445,0,0,drop,70,70,0,1,0,1,0
20012,8443,0,0,deny,60,60,0,1,0,1,0
50978,445,0,0,drop,66,66,0,1,0,1,0
50976,445,0,0,drop,66,66,0,1,0,1,0
50975,445,0,0,drop,66,66,0,1,0,1,0
59610,51505,0,0,deny,66,66,0,1,0,1,0
64406,25174,0,0,deny,62,62,0,1,0,1,0
50506,10214,0,0,deny,66,66,0,1,0,1,0
7110,25174,0,0,deny,66,66,0,1,0,1,0
55575,445,0,0,drop,70,70,0,1,0,1,0
443,49988,0,0,deny,82,82,0,1,0,1,0
62111,35440,0,0,deny,66,66,0,1,0,1,0
60799,25174,0,0,deny,66,66,0,1,0,1,0
6666,5000,0,0,deny,60,60,0,1,0,1,0
1116,44847,0,0,deny,66,66,0,1,0,1,0
61202,35894,0,0,deny,66,66,0,1,0,1,0
55569,445,0,0,drop,70,70,0,1,0,1,0
55568,445,0,0,drop,70,70,0,1,0,1,0
55567,445,0,0,drop,70,70,0,1,0,1,0
50889,445,0,0,drop,70,70,0,1,0,1,0
35744,64147,0,0,deny,66,66,0,1,0,1,0
26424,27189,0,0,deny,66,66,0,1,0,1,0
1038,37965,0,0,deny,62,62,0,1,0,1,0
50886,445,0,0,drop,70,70,0,1,0,1,0
50127,64147,0,0,deny,62,62,0,1,0,1,0
61183,25174,0,0,deny,62,62,0,1,0,1,0
59972,25174,0,0,deny,62,62,0,1,0,1,0
55558,445,0,0,drop,70,70,0,1,0,1,0
55555,445,0,0,drop,70,70,0,1,0,1,0
55551,445,0,0,drop,70,70,0,1,0,1,0
55043,57470,0,0,deny,78,78,0,1,0,1,0
60128,22114,0,0,deny,62,62,0,1,0,1,0
14263,22114,0,0,deny,66,66,0,1,0,1,0
7521,20234,0,0,deny,157,157,0,1,0,1,0
27153,50584,0,0,deny,146,146,0,1,0,1,0
50963,445,0,0,drop,66,66,0,1,0,1,0
50882,445,0,0,drop,70,70,0,1,0,1,0
50880,445,0,0,drop,70,70,0,1,0,1,0
10669,49756,0,0,deny,60,60,0,1,0,1,0
10669,49756,0,0,deny,60,60,0,1,0,1,0
10669,49756,0,0,deny,60,60,0,1,0,1,0
10669,49756,0,0,deny,60,60,0,1,0,1,0
10669,49756,0,0,deny,60,60,0,1,0,1,0
10594,25174,0,0,deny,146,146,0,1,0,1,0
50878,445,0,0,drop,70,70,0,1,0,1,0
49001,48817,0,0,deny,160,160,0,1,0,1,0
56432,35253,0,0,deny,66,66,0,1,0,1,0
55550,445,0,0,drop,70,70,0,1,0,1,0
63321,37807,0,0,deny,66,66,0,1,0,1,0
55512,23718,0,0,deny,66,66,0,1,0,1,0
55547,445,0,0,drop,70,70,0,1,0,1,0
19875,30170,0,0,deny,145,145,0,1,0,1,0
43671,17372,0,0,deny,62,62,0,1,0,1,0
45941,23386,0,0,deny,60,60,0,1,0,1,0
50871,445,0,0,drop,70,70,0,1,0,1,0
48071,25174,0,0,deny,62,62,0,1,0,1,0
50950,445,0,0,drop,66,66,0,1,0,1,0
50947,445,0,0,drop,66,66,0,1,0,1,0
54280,3385,0,0,deny,60,60,0,1,0,1,0
47266,25174,0,0,deny,146,146,0,1,0,1,0
50869,445,0,0,drop,70,70,0,1,0,1,0
28875,51505,0,0,deny,62,62,0,1,0,1,0
36229,62413,0,0,deny,62,62,0,1,0,1,0
52225,31985,35881,31985,allow,66,66,0,1,5,1,0
52234,64624,43132,64624,allow,136,136,0,3,14,3,0
57575,443,57575,443,allow,206737,25710,181027,212,180,75,137
57573,443,57573,443,allow,775362,32338,743024,683,180,169,514
55410,53,27764,53,allow,711,87,624,2,30,1,1
55059,53,53925,53,allow,711,87,624,2,30,1,1
2182,53,2182,53,allow,643,88,555,2,30,1,1
55613,53,34338,53,allow,170,87,83,2,30,1,1
64775,443,64775,443,allow,4559,1652,2907,19,27,11,8
52277,443,52277,443,allow,1880,941,939,17,21,7,10
51493,80,21444,80,allow,9524,736,8788,18,131,9,9
57570,443,57570,443,allow,175212,28668,146544,186,180,69,117
52224,37178,41727,37178,allow,136,136,0,3,14,3,0
56434,53,56434,53,allow,243,94,149,2,32,1,1
52259,25011,50909,25011,allow,70,70,0,2,8,2,0
55589,443,3953,443,allow,7894,1557,6337,20,150,9,11
53527,443,25088,443,allow,127391,26326,101065,179,172,76,103
55893,53,56779,53,allow,711,87,624,2,30,1,1
55836,53,8077,53,allow,170,87,83,2,31,1,1
64928,53,11072,53,allow,762,98,664,2,30,1,1
56752,53,39858,53,allow,701,88,613,2,30,1,1
49241,443,49241,443,allow,31778,6075,25703,54,49,28,26
60443,443,1656,443,allow,10961,4286,6675,53,320,21,32
52235,48910,47820,48910,allow,136,136,0,3,14,3,0
53993,6881,30701,6881,allow,70,70,0,2,8,2,0
52221,33166,38901,33166,allow,66,66,0,1,5,1,0
56597,443,50431,443,allow,10135129,248530,9886599,9808,64,3124,6684
64089,20260,49392,20260,allow,66,66,0,1,5,1,0
50895,443,61149,443,allow,130,70,60,3,5,2,1
64114,64126,30827,64126,allow,66,66,0,2,8,2,0
59937,443,15432,443,allow,7701,3981,3720,27,70,12,15
55592,443,17919,443,allow,8049,1560,6489,19,150,9,10
55591,443,37425,443,allow,7902,1565,6337,20,150,9,11
56811,443,16024,443,allow,8020,2000,6020,20,15,11,9
49336,80,14005,80,allow,3060,1219,1841,11,19,7,4
53527,5228,55667,5228,allow,9674,1776,7898,29,3764,11,18
51152,443,11725,443,allow,44048,4441,39607,97,317,43,54
64111,1830,17922,1830,allow,66,66,0,2,8,2,0
52230,47803,46448,47803,allow,136,136,0,3,14,3,0
56812,443,34534,443,allow,8073,2053,6020,20,15,11,9
55590,443,56220,443,allow,7906,1569,6337,20,150,9,11
52260,52142,32000,52142,allow,70,70,0,2,8,2,0
55100,53,57209,53,allow,711,87,624,2,30,1,1
56810,443,52495,443,allow,8072,2052,6020,20,16,11,9
59895,53,59895,53,allow,643,88,555,2,30,1,1
42625,443,18977,443,allow,218298,5904,212394,220,120,63,157
46422,80,48489,80,allow,1447,468,979,9,181,5,4
44847,18659,47289,18659,allow,150,150,0,1,1200,1,0
54153,443,43773,443,allow,5008,2097,2911,13,121,6,7
3376,35440,0,0,deny,66,66,0,1,0,1,0
50868,445,0,0,drop,70,70,0,1,0,1,0
55538,445,0,0,drop,70,70,0,1,0,1,0
55532,445,0,0,drop,70,70,0,1,0,1,0
55530,445,0,0,drop,70,70,0,1,0,1,0
55529,445,0,0,drop,70,70,0,1,0,1,0
50867,445,0,0,drop,70,70,0,1,0,1,0
53243,57470,0,0,deny,74,74,0,1,0,1,0
50866,445,0,0,drop,70,70,0,1,0,1,0
50862,445,0,0,drop,70,70,0,1,0,1,0
50861,445,0,0,drop,70,70,0,1,0,1,0
2815,62413,0,0,deny,66,66,0,1,0,1,0
41477,50584,0,0,deny,66,66,0,1,0,1,0
59393,25174,0,0,deny,66,66,0,1,0,1,0
50945,445,0,0,drop,66,66,0,1,0,1,0
53089,24211,0,0,deny,62,62,0,1,0,1,0
55206,22114,0,0,deny,66,66,0,1,0,1,0
13406,22114,0,0,deny,62,62,0,1,0,1,0
18745,64147,0,0,deny,62,62,0,1,0,1,0
53189,62413,0,0,deny,62,62,0,1,0,1,0
50934,445,0,0,drop,66,66,0,1,0,1,0
50936,445,0,0,drop,66,66,0,1,0,1,0
50938,445,0,0,drop,66,66,0,1,0,1,0
50932,445,0,0,drop,66,66,0,1,0,1,0
55590,53,20424,53,allow,177,94,83,2,30,1,1
50929,445,0,0,drop,66,66,0,1,0,1,0
50927,445,0,0,drop,66,66,0,1,0,1,0
50928,445,0,0,drop,66,66,0,1,0,1,0
50848,445,0,0,drop,70,70,0,1,0,1,0
50847,445,0,0,drop,70,70,0,1,0,1,0
443,49988,0,0,deny,82,82,0,1,0,1,0
443,41237,0,0,deny,89,89,0,1,0,1,0
50843,445,0,0,drop,70,70,0,1,0,1,0
55523,445,0,0,drop,70,70,0,1,0,1,0
50838,445,0,0,drop,70,70,0,1,0,1,0
50837,445,0,0,drop,70,70,0,1,0,1,0
45964,2777,0,0,deny,60,60,0,1,0,1,0
55520,445,0,0,drop,70,70,0,1,0,1,0
55518,445,0,0,drop,70,70,0,1,0,1,0
55516,445,0,0,drop,70,70,0,1,0,1,0
53275,21247,0,0,deny,62,62,0,1,0,1,0
53750,25174,0,0,deny,62,62,0,1,0,1,0
65288,44847,0,0,deny,66,66,0,1,0,1,0
60003,36829,0,0,deny,66,66,0,1,0,1,0
53667,22114,0,0,deny,62,62,0,1,0,1,0
65270,3855,0,0,deny,78,78,0,1,0,1,0
51827,56205,0,0,deny,66,66,0,1,0,1,0
58835,17372,0,0,deny,66,66,0,1,0,1,0
42674,22114,0,0,deny,62,62,0,1,0,1,0
49587,35776,0,0,deny,157,157,0,1,0,1,0
50826,445,0,0,drop,70,70,0,1,0,1,0
12655,30627,0,0,deny,62,62,0,1,0,1,0
55514,445,0,0,drop,70,70,0,1,0,1,0
55515,445,0,0,drop,70,70,0,1,0,1,0
55509,445,0,0,drop,70,70,0,1,0,1,0
52102,443,62995,443,allow,343074,14649,328425,390,41,159,231
52262,14418,18744,14418,allow,70,70,0,2,8,2,0
52231,1026,54310,1026,allow,136,136,0,3,14,3,0
42873,443,33511,443,allow,3379,2111,1268,19,15,10,9
57441,53,7425,53,allow,177,94,83,2,30,1,1
54571,443,54134,443,allow,10546,2453,8093,28,15,16,12
51502,80,42285,80,allow,1515,481,1034,11,15,6,5
64581,53,7849,53,allow,514,88,426,4,42,2,2
34220,443,12969,443,allow,7946,2731,5215,27,18,15,12
50008,53,2633,53,allow,232,94,138,2,29,1,1
57470,21158,39017,21158,allow,2182,798,1384,19,1199,10,9
